Feature,Area (nm^2),Area Fraction (%),Roundness,Equivalent Diameter (nm),
1.000000,21246.537396,0.104612,0.658958,164.474714,
2.000000,2160.664820,0.010639,0.732684,52.450395,
3.000000,9196.675900,0.045282,0.950389,108.210773,
4.000000,1385.041551,0.006820,0.810129,41.993924,
5.000000,1939.058172,0.009547,0.828004,49.687881,
6.000000,8781.163435,0.043236,0.829919,105.737999,
7.000000,1551.246537,0.007638,0.784007,44.442192,
8.000000,2160.664820,0.010639,0.805669,52.450395,
9.000000,3545.706371,0.017458,0.699581,67.190279,
10.000000,332.409972,0.001637,0.670357,20.572737,
11.000000,1274.238227,0.006274,0.806701,40.279157,
12.000000,3185.595568,0.015685,0.560546,63.686939,
13.000000,554.016620,0.002728,0.937068,26.559290,
14.000000,5041.551247,0.024823,0.751794,80.119301,
15.000000,20498.614958,0.100930,0.884255,161.553852,
16.000000,3767.313019,0.018549,0.768760,69.258154,
17.000000,1717.451524,0.008456,0.735317,46.762455,
18.000000,3074.792244,0.015139,0.680717,62.569538,
19.000000,1440.443213,0.007092,0.585704,42.825568,
20.000000,360.110803,0.001773,0.575363,21.412784,
21.000000,16426.592798,0.080880,0.760636,144.620149,
22.000000,2409.972299,0.011866,0.749862,55.393791,
23.000000,72825.484765,0.358573,0.701972,304.506629,
24.000000,9362.880886,0.046100,0.849748,109.184203,
25.000000,2991.689751,0.014730,0.714975,61.718212,
26.000000,27.700831,0.000136,1.128379,5.938838,
27.000000,11412.742382,0.056193,0.941332,120.545240,
28.000000,27.700831,0.000136,1.128379,5.938838,
29.000000,35401.662050,0.174308,0.727205,212.308257,
30.000000,27368.421053,0.134755,0.716849,186.672322,
31.000000,4155.124654,0.020459,0.686710,72.735610,
32.000000,2797.783934,0.013776,0.762816,59.684580,
33.000000,1218.836565,0.006001,0.811843,39.393793,
34.000000,775.623269,0.003819,0.663425,31.425375,
35.000000,470.914127,0.002319,0.581553,24.486455,
36.000000,27146.814404,0.133664,0.578769,185.915028,
37.000000,3545.706371,0.017458,0.807402,67.190279,
38.000000,17534.626039,0.086336,0.690579,149.418136,
39.000000,16952.908587,0.083472,0.906145,146.918731,
40.000000,17506.925208,0.086199,0.926710,149.300065,
41.000000,941.828255,0.004637,0.797885,34.629077,
42.000000,886.426593,0.004365,0.704893,33.595139,
43.000000,5457.063712,0.026869,0.930013,83.355560,
44.000000,19058.171745,0.093837,0.648960,155.774253,
45.000000,1163.434903,0.005728,0.607289,38.488067,
46.000000,1440.443213,0.007092,0.624069,42.825568,
47.000000,3684.210526,0.018140,0.908875,68.490018,
48.000000,13905.817175,0.068468,0.776522,133.061776,
49.000000,27.700831,0.000136,1.128379,5.938838,
50.000000,16509.695291,0.081289,0.881314,144.985506,
51.000000,12576.177285,0.061922,0.910029,126.540453,
52.000000,14626.038781,0.072015,0.971700,136.464101,
53.000000,14681.440443,0.072287,0.895767,136.722312,
54.000000,6371.191136,0.031370,0.854568,90.066933,
55.000000,5235.457064,0.025778,0.760570,81.645520,
56.000000,5096.952909,0.025096,0.919653,80.558314,
57.000000,11274.238227,0.055511,0.859792,119.811543,
58.000000,20886.426593,0.102839,0.865360,163.074904,
59.000000,3933.518006,0.019368,0.950789,70.769419,
60.000000,7202.216066,0.035462,0.784423,95.760881,
61.000000,26315.789474,0.129572,0.787185,183.047272,
62.000000,15235.457064,0.075015,0.944499,139.278090,
63.000000,18033.240997,0.088791,0.785027,151.527673,
64.000000,19307.479224,0.095065,0.930485,156.789815,
65.000000,1939.058172,0.009547,1.023987,49.687881,
66.000000,19141.274238,0.094246,0.804312,156.113508,
67.000000,2188.365651,0.010775,0.700473,52.785544,
68.000000,19141.274238,0.094246,0.860207,156.113508,
69.000000,27.700831,0.000136,1.128379,5.938838,
70.000000,8504.155125,0.041872,0.900535,104.056843,
71.000000,14293.628809,0.070378,0.914840,134.904460,
72.000000,8808.864266,0.043372,0.909014,105.904647,
73.000000,415.512465,0.002046,0.542056,23.001020,
74.000000,48891.966759,0.240731,0.651901,249.501875,
75.000000,25457.063712,0.125344,0.779039,180.035941,
76.000000,10664.819945,0.052511,0.879308,116.528411,
77.000000,6620.498615,0.032598,0.933773,91.812203,
78.000000,14542.936288,0.071605,0.879076,136.075867,
79.000000,692.520776,0.003410,0.594708,29.694189,
80.000000,166.204986,0.000818,0.766583,14.547122,
81.000000,14349.030471,0.070651,0.885042,135.165650,
82.000000,5290.858726,0.026051,0.972759,82.076370,
83.000000,858.725762,0.004228,0.981169,33.066049,
84.000000,11606.648199,0.057148,0.841156,121.564976,
85.000000,1440.443213,0.007092,0.465153,42.825568,
86.000000,83.102493,0.000409,0.977205,10.286369,
87.000000,19224.376731,0.094656,0.940015,156.452027,
88.000000,30609.418283,0.150713,0.746902,197.416113,
89.000000,83.102493,0.000409,0.977205,10.286369,
90.000000,775.623269,0.003819,0.828004,31.425375,
91.000000,43130.193906,0.212361,0.731090,234.339643,
92.000000,3684.210526,0.018140,0.867540,68.490018,
93.000000,2022.160665,0.009957,0.648515,50.741452,
94.000000,13684.210526,0.067377,0.741167,131.997265,
95.000000,7229.916898,0.035598,0.852741,95.944860,
96.000000,692.520776,0.003410,0.611950,29.694189,
97.000000,29612.188366,0.145802,0.743080,194.173657,
98.000000,1163.434903,0.005728,0.710275,38.488067,
99.000000,31578.947368,0.155486,0.725718,200.518240,
100.000000,6648.199446,0.032734,0.857066,92.004078,
101.000000,39639.889197,0.195176,0.677881,224.657683,
102.000000,15761.772853,0.077607,0.792678,141.663377,
103.000000,23684.210526,0.116615,0.778547,173.653890,
104.000000,23905.817175,0.117706,0.791716,174.464414,
105.000000,3545.706371,0.017458,0.902703,67.190279,
106.000000,4349.030471,0.021413,0.934302,74.413423,
107.000000,15429.362881,0.075970,0.914502,140.161603,
108.000000,19529.085873,0.096156,0.897650,157.687046,
109.000000,25983.379501,0.127935,0.894689,181.887510,
110.000000,17396.121884,0.085654,0.876836,148.826847,
111.000000,20332.409972,0.100111,0.745623,160.897571,
112.000000,17506.925208,0.086199,0.769209,149.300065,
113.000000,18227.146814,0.089746,0.863346,152.340159,
114.000000,9113.573407,0.044873,0.948113,107.720760,
115.000000,1135.734072,0.005592,0.992451,38.027116,
116.000000,4349.030471,0.021413,0.910744,74.413423,
117.000000,20526.315789,0.101066,0.781195,161.662973,
118.000000,8587.257618,0.042281,0.880597,104.564028,
119.000000,9889.196676,0.048692,0.903361,112.211035,
120.000000,5567.867036,0.027415,0.784344,84.197556,
121.000000,8975.069252,0.044191,0.796656,106.899079,
122.000000,4349.030471,0.021413,0.987479,74.413423,
123.000000,17783.933518,0.087563,0.928089,150.476601,
124.000000,26066.481994,0.128344,0.903107,182.178143,
125.000000,15457.063712,0.076106,0.941207,140.287365,
126.000000,7313.019391,0.036007,0.803999,96.494691,
127.000000,18753.462604,0.092337,0.901346,154.523947,
128.000000,7894.736842,0.038872,0.941924,100.259120,
129.000000,20997.229917,0.103385,0.926630,163.506891,
130.000000,18421.052632,0.090700,0.893744,153.148335,
131.000000,4265.927978,0.021004,0.818053,73.699038,
132.000000,6371.191136,0.031370,0.851390,90.066933,
133.000000,5927.977839,0.029188,1.000870,86.877706,
134.000000,8753.462604,0.043100,0.908006,105.571089,
135.000000,34182.825485,0.168307,0.714577,208.621488,
136.000000,12631.578947,0.062194,0.910078,126.818870,
137.000000,16897.506925,0.083199,0.850786,146.678472,
138.000000,19473.684211,0.095883,0.738323,157.463217,
139.000000,28088.642659,0.138301,0.812853,189.112587,
140.000000,30083.102493,0.148121,0.755117,195.711511,
141.000000,387.811634,0.001909,0.784007,22.221096,
142.000000,21551.246537,0.106113,0.839666,165.649930,
143.000000,1024.930748,0.005046,0.727547,36.124540,
144.000000,27.700831,0.000136,1.128379,5.938838,
145.000000,24598.337950,0.121116,0.680717,176.973378,
146.000000,22049.861496,0.108568,0.768292,167.555232,
147.000000,29030.470914,0.142938,0.753052,192.256973,
148.000000,25512.465374,0.125616,0.828350,180.231739,
149.000000,8919.667590,0.043918,0.837153,106.568633,
150.000000,11274.238227,0.055511,0.737018,119.811543,
151.000000,23379.501385,0.115114,0.927567,172.533202,
152.000000,38531.855956,0.189720,0.837506,221.495559,
153.000000,42382.271468,0.208679,0.582921,232.298911,
154.000000,14487.534626,0.071333,0.853558,135.816428,
155.000000,48504.155125,0.238821,0.651967,248.510379,
156.000000,12520.775623,0.061649,0.887898,126.261422,
157.000000,23711.911357,0.116751,0.906951,173.755412,
158.000000,16094.182825,0.079243,0.799607,143.149398,
159.000000,6315.789474,0.031097,0.945107,89.674483,
160.000000,21966.759003,0.108158,0.934572,167.239189,
161.000000,12493.074792,0.061513,0.842498,126.121675,
162.000000,2991.689751,0.014730,0.973830,61.718212,
163.000000,20027.700831,0.098611,0.822423,159.687384,
164.000000,9722.991690,0.047873,0.803629,111.264089,
165.000000,10803.324100,0.053193,0.944191,117.282648,
166.000000,12631.578947,0.062194,0.940775,126.818870,
167.000000,18144.044321,0.089336,0.767169,151.992482,
168.000000,30637.119114,0.150849,0.810061,197.505422,
169.000000,28975.069252,0.142665,0.835910,192.073434,
170.000000,16648.199446,0.081971,0.908068,145.592396,
171.000000,18448.753463,0.090837,0.762107,153.263441,
172.000000,27285.318560,0.134346,0.783117,186.388698,
173.000000,17617.728532,0.086745,0.813379,149.771789,
174.000000,20332.409972,0.100111,0.704121,160.897571,
175.000000,25678.670360,0.126435,0.732959,180.817860,
176.000000,14376.731302,0.070787,0.944981,135.296056,
177.000000,23324.099723,0.114842,0.880122,172.328657,
178.000000,1634.349030,0.008047,0.743210,45.617078,
179.000000,23656.509695,0.116478,0.888622,173.552308,
180.000000,24487.534626,0.120570,0.667124,176.574340,
181.000000,26204.986150,0.129026,0.906738,182.661503,
182.000000,10498.614958,0.051692,0.912138,115.616832,
183.000000,664.819945,0.003273,0.707776,29.094244,
184.000000,10637.119114,0.052374,0.876095,116.376977,
185.000000,23822.714681,0.117297,0.806129,174.160909,
186.000000,11080.332410,0.054557,0.885173,118.776754,
187.000000,21274.238227,0.104749,0.898965,164.581899,
188.000000,16980.609418,0.083608,0.855671,147.038714,
189.000000,14376.731302,0.070787,0.840235,135.296056,
190.000000,9168.975069,0.045146,0.885071,108.047682,
191.000000,8421.052632,0.041463,0.886071,103.547174,
192.000000,5734.072022,0.028233,0.953326,85.444995,
193.000000,39944.598338,0.196676,0.687894,225.519494,
194.000000,15512.465374,0.076379,0.925737,140.538551,
195.000000,19224.376731,0.094656,0.739002,156.452027,
196.000000,9612.188366,0.047328,0.730033,110.628289,
197.000000,18975.069252,0.093428,0.741564,155.434258,
198.000000,23268.698061,0.114569,0.649796,172.123870,
199.000000,17451.523546,0.085927,0.931225,149.063644,
200.000000,19584.487535,0.096429,0.835677,157.910557,
201.000000,7783.933518,0.038326,0.949321,99.553061,
202.000000,1883.656510,0.009275,1.009253,48.972910,
203.000000,33601.108033,0.165443,0.739525,206.838728,
204.000000,6814.404432,0.033552,0.959805,93.147030,
205.000000,35207.756233,0.173353,0.794454,211.726020,
206.000000,12714.681440,0.062604,0.943146,127.235354,
207.000000,27368.421053,0.134755,0.883113,186.672322,
208.000000,41578.947368,0.204724,0.665048,230.086853,
209.000000,26066.481994,0.128344,0.918233,182.178143,
210.000000,15817.174515,0.077879,0.960528,141.912128,
211.000000,47479.224377,0.233775,0.812596,245.870751,
212.000000,32243.767313,0.158760,0.777765,202.617965,
213.000000,11939.058172,0.058785,0.911156,123.293475,
214.000000,20664.819945,0.101748,0.919266,162.207478,
215.000000,14321.329640,0.070514,0.915726,135.035119,
216.000000,12437.673130,0.061240,0.752719,125.841715,
217.000000,11024.930748,0.054284,0.929925,118.479440,
218.000000,8975.069252,0.044191,0.879759,106.899079,
219.000000,15817.174515,0.077879,0.783605,141.912128,
220.000000,41468.144044,0.204178,0.539031,229.780071,
221.000000,25096.952909,0.123571,0.690274,178.758029,
222.000000,53296.398892,0.262417,0.666658,260.497759,
223.000000,18310.249307,0.090155,0.894008,152.687044,
224.000000,15096.952909,0.074333,0.919912,138.643563,
225.000000,27451.523546,0.135164,0.831497,186.955517,
226.000000,31191.135734,0.153577,0.723351,199.283184,
227.000000,41440.443213,0.204042,0.634184,229.703311,
228.000000,81745.152355,0.402491,0.526141,322.616120,
229.000000,12271.468144,0.060421,0.947714,124.998074,
230.000000,11357.340720,0.055920,0.859893,120.252299,
231.000000,5595.567867,0.027551,0.800864,84.406743,
232.000000,21135.734072,0.104067,0.917518,164.045276,
233.000000,11274.238227,0.055511,0.967158,119.811543,
234.000000,25817.174515,0.127117,0.771437,181.304847,
235.000000,20720.221607,0.102021,0.826560,162.424769,
236.000000,35927.977839,0.176900,0.753448,213.880626,
237.000000,20387.811634,0.100384,0.813222,161.116629,
238.000000,13988.919668,0.068878,0.841044,133.458779,
239.000000,19224.376731,0.094656,0.857398,156.452027,
240.000000,16066.481994,0.079107,0.720895,143.026152,
241.000000,13656.509695,0.067241,0.782558,131.863597,
242.000000,19501.385042,0.096020,0.953461,157.575171,
243.000000,25180.055402,0.123980,0.747021,179.053741,
244.000000,13268.698061,0.065331,0.935420,129.977810,
245.000000,12409.972299,0.061103,0.909881,125.701502,
246.000000,25927.977839,0.127662,0.688784,181.693497,
247.000000,36398.891967,0.179218,0.438423,215.277748,
248.000000,58891.966759,0.289968,0.608941,273.831300,
249.000000,15180.055402,0.074742,0.655268,139.024627,
250.000000,55207.756233,0.271828,0.689994,265.127702,
251.000000,14792.243767,0.072833,0.895422,137.237275,
252.000000,7368.421053,0.036280,0.860870,96.859512,
253.000000,20443.213296,0.100657,0.883059,161.335389,
254.000000,15013.850416,0.073924,0.892680,138.261448,
255.000000,7036.011080,0.034643,0.673957,94.649498,
256.000000,18310.249307,0.090155,0.918773,152.687044,
257.000000,25429.362881,0.125207,0.897826,179.937963,
258.000000,13905.817175,0.068468,0.888859,133.061776,
259.000000,360.110803,0.001773,0.697730,21.412784,
260.000000,39445.983380,0.194221,0.682007,224.107532,
261.000000,18144.044321,0.089336,0.941415,151.992482,
262.000000,498.614958,0.002455,0.612952,25.196355,
263.000000,30914.127424,0.152213,0.623425,198.396294,
264.000000,692.520776,0.003410,0.927522,29.694189,
265.000000,22160.664820,0.109113,0.664184,167.975697,
266.000000,23213.296399,0.114296,0.718120,171.918838,
267.000000,27.700831,0.000136,1.128379,5.938838,
268.000000,27.700831,0.000136,1.128379,5.938838,
269.000000,21135.734072,0.104067,0.789902,164.045276,
270.000000,21108.033241,0.103930,0.697017,163.937740,
271.000000,33019.390582,0.162579,0.720328,205.040469,
272.000000,33157.894737,0.163261,0.739360,205.470053,
273.000000,61994.459834,0.305244,0.690237,280.951593,
274.000000,19085.872576,0.093974,0.867764,155.887420,
275.000000,29861.495845,0.147030,0.639043,194.989326,
276.000000,20000.000000,0.098475,0.684676,159.576912,
277.000000,858.725762,0.004228,0.761871,33.066049,
278.000000,6149.584488,0.030279,0.865886,88.486689,
279.000000,19307.479224,0.095065,0.781517,156.789815,
280.000000,1606.648199,0.007911,0.768624,45.228841,
281.000000,21135.734072,0.104067,0.653759,164.045276,
282.000000,12991.689751,0.063968,0.858616,128.613892,
283.000000,29584.487535,0.145666,0.903719,194.082816,
284.000000,44847.645429,0.220818,0.577309,238.959820,
285.000000,17146.814404,0.084426,0.648681,147.756564,
286.000000,11606.648199,0.057148,0.905952,121.564976,
287.000000,6094.182825,0.030006,0.876032,88.087199,
288.000000,277.008310,0.001364,0.865427,18.780254,
289.000000,29473.684211,0.145120,0.712445,193.719024,
290.000000,63157.894737,0.310972,0.499033,283.575615,
291.000000,55401.662050,0.272783,0.580529,265.592897,
292.000000,27.700831,0.000136,1.128379,5.938838,
293.000000,1606.648199,0.007911,0.823106,45.228841,
294.000000,27.700831,0.000136,1.128379,5.938838,
295.000000,27894.736842,0.137346,0.635975,188.458701,
296.000000,10637.119114,0.052374,0.803661,116.376977,
297.000000,15761.772853,0.077607,0.802481,141.663377,
298.000000,9750.692521,0.048010,0.899439,111.422472,
299.000000,16121.883657,0.079380,0.919214,143.272537,
300.000000,2963.988920,0.014594,0.897850,61.431815,
301.000000,28504.155125,0.140347,0.688733,190.506214,
302.000000,31772.853186,0.156441,0.626143,201.132924,
303.000000,3019.390582,0.014867,1.006487,62.003286,
304.000000,25318.559557,0.124662,0.768201,179.545513,
305.000000,12797.783934,0.063013,0.812982,127.650478,
306.000000,17590.027701,0.086609,0.926930,149.653997,
307.000000,20055.401662,0.098747,0.913363,159.797780,
308.000000,20027.700831,0.098611,0.719141,159.687384,
309.000000,49002.770083,0.241276,0.557724,249.784436,
310.000000,3379.501385,0.016640,0.973225,65.596607,
311.000000,32216.066482,0.158623,0.800816,202.530911,
312.000000,71495.844875,0.352026,0.629952,301.713999,
313.000000,14792.243767,0.072833,0.925953,137.237275,
314.000000,26454.293629,0.130254,0.711048,183.528343,
315.000000,33767.313019,0.166261,0.632961,207.349652,
316.000000,146897.506925,0.723284,0.418172,432.476259,
317.000000,997.229917,0.004910,0.683901,35.633026,
318.000000,21024.930748,0.103521,0.794749,163.614710,
319.000000,10526.315789,0.051829,0.943078,115.769260,
320.000000,71357.340720,0.351344,0.482884,301.421612,
321.000000,360.110803,0.001773,0.575363,21.412784,
322.000000,2216.066482,0.010911,0.835264,53.118579,
323.000000,36509.695291,0.179764,0.774580,215.605166,
324.000000,637.119114,0.003137,0.855636,28.481665,
325.000000,7839.335180,0.038599,0.784151,99.906714,
326.000000,36481.994460,0.179627,0.578131,215.523358,
327.000000,9972.299169,0.049101,0.914568,112.681523,
328.000000,41412.742382,0.203905,0.477369,229.626526,
329.000000,6675.900277,0.032870,0.875858,92.195554,
330.000000,12714.681440,0.062604,0.805824,127.235354,
331.000000,12853.185596,0.063286,0.923977,127.926480,
332.000000,20000.000000,0.098475,0.765198,159.576912,
333.000000,7479.224377,0.036826,0.921318,97.585062,
334.000000,15844.875346,0.078016,0.917582,142.036340,
335.000000,28781.163435,0.141711,0.704686,191.429662,
336.000000,14875.346260,0.073242,0.869677,137.622233,
337.000000,25263.157895,0.124389,0.742546,179.348966,
338.000000,11163.434903,0.054966,0.911937,119.221335,
339.000000,12797.783934,0.063013,0.943355,127.650478,
340.000000,28060.941828,0.138164,0.633979,189.019313,
341.000000,18199.445983,0.089609,0.703549,152.224355,
342.000000,22105.263158,0.108840,0.763060,167.765596,
343.000000,7036.011080,0.034643,0.985485,94.649498,
344.000000,12188.365651,0.060012,0.890798,124.574111,
345.000000,44792.243767,0.220545,0.639646,238.812177,
346.000000,7977.839335,0.039281,0.795128,100.785418,
347.000000,2022.160665,0.009957,0.779419,50.741452,
348.000000,6011.080332,0.029597,0.856080,87.484543,
349.000000,24016.620499,0.118251,0.686842,174.868267,
350.000000,20249.307479,0.099702,0.418862,160.568425,
351.000000,10831.024931,0.053329,0.947957,117.432914,
352.000000,35041.551247,0.172535,0.580600,211.225682,
353.000000,17285.318560,0.085108,0.816412,148.352119,
354.000000,3019.390582,0.014867,0.613275,62.003286,
355.000000,37257.617729,0.183446,0.618200,217.802370,
356.000000,42742.382271,0.210452,0.400307,233.283714,
357.000000,27.700831,0.000136,1.128379,5.938838,
358.000000,7617.728532,0.037508,0.972793,98.484482,
359.000000,27.700831,0.000136,1.128379,5.938838,
360.000000,15567.867036,0.076652,0.851892,140.789289,
361.000000,360.110803,0.001773,0.909728,21.412784,
362.000000,6038.781163,0.029733,0.912980,87.685888,
363.000000,10083.102493,0.049646,0.594345,113.305802,
364.000000,18254.847645,0.089882,0.831701,152.455875,
365.000000,5346.260388,0.026324,0.859036,82.504970,
366.000000,14681.440443,0.072287,0.882743,136.722312,
367.000000,4016.620499,0.019777,0.975525,71.513076,
368.000000,16121.883657,0.079380,0.831030,143.272537,
369.000000,12686.980609,0.062467,0.944999,127.096677,
370.000000,8725.761773,0.042963,0.959107,105.403913,
371.000000,13047.091413,0.064240,0.736689,128.887830,
372.000000,19612.188366,0.096565,0.662639,158.022194,
373.000000,46149.584488,0.227228,0.828808,242.403539,
374.000000,28698.060942,0.141302,0.807091,191.153096,
375.000000,24930.747922,0.122752,0.816942,178.165132,
376.000000,36481.994460,0.179627,0.780450,215.523358,
377.000000,22437.673130,0.110477,0.883581,169.022285,
378.000000,16675.900277,0.082108,0.928022,145.713471,
379.000000,62659.279778,0.308517,0.535459,282.454019,
380.000000,27867.036011,0.137210,0.769886,188.365104,
381.000000,3213.296399,0.015821,0.948991,63.963240,
382.000000,34432.132964,0.169535,0.740658,209.380881,
383.000000,1551.246537,0.007638,0.915882,44.442192,
384.000000,4349.030471,0.021413,0.825983,74.413423,
385.000000,17506.925208,0.086199,0.801699,149.300065,
386.000000,30914.127424,0.152213,0.746625,198.396294,
387.000000,10637.119114,0.052374,0.980081,116.376977,
388.000000,11495.844875,0.056602,0.954476,120.983322,
389.000000,17119.113573,0.084290,0.916878,147.637165,
390.000000,14542.936288,0.071605,0.934768,136.075867,
391.000000,15900.277008,0.078289,0.868011,142.284439,
392.000000,11883.656510,0.058512,0.934854,123.007079,
393.000000,45512.465374,0.224091,0.685636,240.724470,
394.000000,10526.315789,0.051829,0.942212,115.769260,
395.000000,14487.534626,0.071333,0.885108,135.816428,
396.000000,1578.947368,0.007774,0.997082,44.837242,
397.000000,28891.966759,0.142256,0.738192,191.797796,
398.000000,3961.218837,0.019504,0.835224,71.018170,
399.000000,23767.313019,0.117024,0.725762,173.958279,
400.000000,37977.839335,0.186993,0.640658,219.897446,
401.000000,10110.803324,0.049783,0.785083,113.461335,
402.000000,21301.939058,0.104885,0.741666,164.689014,
403.000000,1385.041551,0.006820,0.841044,41.993924,
404.000000,14349.030471,0.070651,0.897932,135.165650,
405.000000,12077.562327,0.059467,0.924148,124.006572,
406.000000,8891.966759,0.043782,0.953018,106.403025,
407.000000,15872.576177,0.078152,0.715776,142.160443,
408.000000,31135.734072,0.153304,0.847180,199.106122,
409.000000,13268.698061,0.065331,0.938793,129.977810,
410.000000,9916.897507,0.048828,0.914531,112.368083,
411.000000,30304.709141,0.149212,0.557976,196.431042,
412.000000,18282.548476,0.090018,0.828245,152.571504,
413.000000,5844.875346,0.028779,0.888908,86.266601,
414.000000,14210.526316,0.069969,0.924024,134.511725,
415.000000,14265.927978,0.070242,0.925823,134.773676,
416.000000,43296.398892,0.213180,0.813790,234.790731,
417.000000,1052.631579,0.005183,0.843514,36.609454,
418.000000,554.016620,0.002728,0.788094,26.559290,
419.000000,25706.371191,0.126571,0.838388,180.915362,
420.000000,14764.542936,0.072697,0.823794,137.108716,
421.000000,5013.850416,0.024687,0.856701,79.898890,
422.000000,498.614958,0.002455,0.657587,25.196355,
423.000000,11689.750693,0.057557,0.952687,121.999397,
424.000000,8310.249307,0.040917,0.921318,102.863687,
425.000000,10581.717452,0.052102,0.944688,116.073516,
426.000000,12603.878116,0.062058,0.893906,126.679738,
427.000000,9002.770083,0.044327,0.909728,107.063920,
428.000000,1606.648199,0.007911,0.905832,45.228841,
429.000000,47368.421053,0.233229,0.745074,245.583686,
430.000000,20221.606648,0.099566,0.725062,160.458559,
431.000000,25734.072022,0.126708,0.778436,181.012812,
432.000000,4709.141274,0.023187,0.797885,77.432970,
433.000000,12409.972299,0.061103,0.955331,125.701502,
434.000000,10498.614958,0.051692,0.944444,115.616832,
435.000000,3628.808864,0.017867,0.844273,67.973105,
436.000000,415.512465,0.002046,0.718455,23.001020,
437.000000,18144.044321,0.089336,0.754496,151.992482,
438.000000,9473.684211,0.046646,0.942693,109.828363,
439.000000,304.709141,0.001500,0.615248,19.696896,
440.000000,18282.548476,0.090018,0.890377,152.571504,
441.000000,1440.443213,0.007092,0.862505,42.825568,
442.000000,12991.689751,0.063968,0.895289,128.613892,
443.000000,27285.318560,0.134346,0.769140,186.388698,
444.000000,7285.318560,0.035871,0.897194,96.311763,
445.000000,11994.459834,0.059057,0.869036,123.579208,
446.000000,27783.933518,0.136801,0.794133,188.084031,
447.000000,5152.354571,0.025369,0.772354,80.994948,
448.000000,12714.681440,0.062604,0.948210,127.235354,
449.000000,40193.905817,0.197904,0.684416,226.222170,
450.000000,15484.764543,0.076243,0.900868,140.413014,
451.000000,14376.731302,0.070787,0.903226,135.296056,
452.000000,19667.590028,0.096838,0.942346,158.245232,
453.000000,21634.349030,0.106522,0.663619,165.968999,
454.000000,13213.296399,0.065059,0.958547,129.706174,
455.000000,13019.390582,0.064104,0.954380,128.750934,
456.000000,7340.720222,0.036144,0.913876,96.677274,
457.000000,10083.102493,0.049646,0.914641,113.305802,
458.000000,2132.963989,0.010502,0.885616,52.113090,
459.000000,20997.229917,0.103385,0.910179,163.506891,
460.000000,29196.675900,0.143757,0.599820,192.806541,
461.000000,25678.670360,0.126435,0.917531,180.817860,
462.000000,11495.844875,0.056602,0.949577,120.983322,
463.000000,23240.997230,0.114432,0.810792,172.021385,
464.000000,15096.952909,0.074333,0.745072,138.643563,
465.000000,33878.116343,0.166807,0.768446,207.689570,
466.000000,13462.603878,0.066286,0.923856,130.924099,
467.000000,13240.997230,0.065195,0.861513,129.842063,
468.000000,14764.542936,0.072697,0.896170,137.108716,
469.000000,18975.069252,0.093428,0.901572,155.434258,
470.000000,39445.983380,0.194221,0.824824,224.107532,
471.000000,57146.814404,0.281375,0.489329,269.743552,
472.000000,13988.919668,0.068878,0.923454,133.458779,
473.000000,20027.700831,0.098611,0.896647,159.687384,
474.000000,30803.324100,0.151667,0.904658,198.040426,
475.000000,4099.722992,0.020186,0.868192,72.249079,
476.000000,24404.432133,0.120161,0.667710,176.274468,
477.000000,69833.795014,0.343843,0.544537,298.186434,
478.000000,36731.301939,0.180855,0.672779,216.258517,
479.000000,13850.415512,0.068196,0.918871,132.796449,
480.000000,6731.301939,0.033143,0.953935,92.577318,
481.000000,21634.349030,0.106522,0.751238,165.968999,
482.000000,20193.905817,0.099429,0.754846,160.348618,
483.000000,10775.623269,0.053056,0.936280,117.132189,
484.000000,16371.191136,0.080607,0.942000,144.376064,
485.000000,6897.506925,0.033961,0.906277,93.713279,
486.000000,22576.177285,0.111159,0.793275,169.543156,
487.000000,16509.695291,0.081289,0.916208,144.985506,
488.000000,29085.872576,0.143211,0.773585,192.440337,
489.000000,19113.573407,0.094110,0.682691,156.000505,
490.000000,9362.880886,0.046100,0.909728,109.184203,
491.000000,19279.778393,0.094928,0.879745,156.677300,
492.000000,9778.393352,0.048146,0.918288,111.580630,
493.000000,11828.254848,0.058239,0.894159,122.720014,
494.000000,21551.246537,0.106113,0.893427,165.649930,
495.000000,16343.490305,0.080471,0.931908,144.253867,
496.000000,14542.936288,0.071605,0.662716,136.075867,
497.000000,5789.473684,0.028506,0.934068,85.856781,
498.000000,11495.844875,0.056602,0.944753,120.983322,
499.000000,2880.886427,0.014185,0.930306,60.564499,
500.000000,22770.083102,0.112114,0.845225,170.269699,
501.000000,15789.473684,0.077743,0.924024,141.787807,
502.000000,11274.238227,0.055511,0.920188,119.811543,
503.000000,8642.659280,0.042554,0.948028,104.900789,
504.000000,8642.659280,0.042554,0.939563,104.900789,
505.000000,17423.822715,0.085790,0.922541,148.945292,
506.000000,16897.506925,0.083199,0.924353,146.678472,
507.000000,4099.722992,0.020186,0.786024,72.249079,
508.000000,13711.911357,0.067514,0.962727,132.130798,
509.000000,18421.052632,0.090700,0.783865,153.148335,
510.000000,11634.349030,0.057284,0.914092,121.709955,
511.000000,3767.313019,0.018549,0.869574,69.258154,
512.000000,26454.293629,0.130254,0.818951,183.528343,
513.000000,25761.772853,0.126844,0.789857,181.110209,
514.000000,17257.617729,0.084972,0.756788,148.233199,
515.000000,18919.667590,0.093155,0.921093,155.207181,
516.000000,11606.648199,0.057148,0.954958,121.564976,
517.000000,21994.459834,0.108295,0.785852,167.344603,
518.000000,5623.268698,0.027687,0.919057,84.615413,
519.000000,3905.817175,0.019231,0.901298,70.519791,
520.000000,41246.537396,0.203087,0.701187,229.165273,
521.000000,35429.362881,0.174445,0.796020,212.391304,
522.000000,11883.656510,0.058512,0.983240,123.007079,
523.000000,24681.440443,0.121525,0.802400,177.272068,
524.000000,831.024931,0.004092,0.965214,32.528354,
525.000000,58393.351801,0.287513,0.671915,272.669625,
526.000000,49307.479224,0.242777,0.583831,250.559838,
527.000000,11357.340720,0.055920,0.902439,120.252299,
528.000000,13296.398892,0.065468,0.882912,130.113415,
529.000000,50747.922438,0.249869,0.595349,254.193355,
530.000000,11163.434903,0.054966,0.942201,119.221335,
531.000000,27.700831,0.000136,1.128379,5.938838,
532.000000,20969.529086,0.103248,0.932681,163.399001,
533.000000,443.213296,0.002182,0.885173,23.755351,
534.000000,15512.465374,0.076379,0.883234,140.538551,
535.000000,14930.747922,0.073515,0.774188,137.878275,
536.000000,28393.351801,0.139801,0.748570,190.135579,
537.000000,4875.346260,0.024005,0.919578,78.787586,
538.000000,16952.908587,0.083472,0.842422,146.918731,
539.000000,27.700831,0.000136,1.128379,5.938838,
540.000000,55.401662,0.000273,1.595769,8.398785,
541.000000,2520.775623,0.012412,0.919635,56.652901,
542.000000,18614.958449,0.091655,0.961765,153.952269,
543.000000,12603.878116,0.062058,0.950674,126.679738,
544.000000,13961.218837,0.068741,0.714217,133.326576,
545.000000,4736.842105,0.023323,0.696354,77.660380,
546.000000,1301.939058,0.006410,1.015757,40.714620,
547.000000,7036.011080,0.034643,0.941294,94.649498,
548.000000,10803.324100,0.053193,0.954529,117.282648,
549.000000,20775.623269,0.102294,0.956391,162.641769,
550.000000,11468.144044,0.056466,0.906831,120.837471,
551.000000,17950.138504,0.088382,0.749431,151.178127,
552.000000,34238.227147,0.168580,0.717022,208.790480,
553.000000,28227.146814,0.138983,0.862025,189.578268,
554.000000,24321.329640,0.119752,0.790491,175.974085,
555.000000,17700.831025,0.087154,0.821697,150.124608,
556.000000,16648.199446,0.081971,0.909539,145.592396,
557.000000,9501.385042,0.046782,0.941193,109.988814,
558.000000,11772.853186,0.057966,0.923857,122.432276,
559.000000,19335.180055,0.095201,0.896812,156.902249,
560.000000,19750.692521,0.097247,0.855291,158.579200,
561.000000,5761.772853,0.028369,0.891794,85.651136,
562.000000,14404.432133,0.070924,0.930306,135.426336,
563.000000,17590.027701,0.086609,0.936432,149.653997,
564.000000,3324.099723,0.016367,0.887452,65.056708,
565.000000,18781.163435,0.092473,0.919511,154.638029,
566.000000,9584.487535,0.047191,0.934001,110.468767,
567.000000,3573.407202,0.017594,0.920130,67.452230,
568.000000,10083.102493,0.049646,0.954216,113.305802,
569.000000,44709.141274,0.220136,0.642316,238.590542,
570.000000,13905.817175,0.068468,0.897781,133.061776,
571.000000,35983.379501,0.177172,0.570539,214.045467,
572.000000,8975.069252,0.044191,0.890689,106.899079,
573.000000,4598.337950,0.022641,0.950389,76.516572,
574.000000,14238.227147,0.070105,0.940418,134.642764,
575.000000,19778.393352,0.097383,0.907033,158.690367,
576.000000,19667.590028,0.096838,0.827242,158.245232,
577.000000,23988.919668,0.118115,0.916742,174.767392,
578.000000,5900.277008,0.029051,0.989475,86.674483,
579.000000,14155.124654,0.069696,0.867276,134.249262,
580.000000,16232.686981,0.079925,0.717331,143.764039,
581.000000,14127.423823,0.069560,0.895913,134.117839,
582.000000,19196.675900,0.094519,0.917136,156.339269,
583.000000,26620.498615,0.131072,0.746280,184.103969,
584.000000,15041.551247,0.074061,0.824102,138.388937,
585.000000,14764.542936,0.072697,0.946827,137.108716,
586.000000,33961.218837,0.167216,0.708924,207.944143,
587.000000,21246.537396,0.104612,0.920318,164.474714,
588.000000,12991.689751,0.063968,0.895289,128.613892,
589.000000,11329.639889,0.055784,0.783644,120.105560,
590.000000,16759.002770,0.082517,0.861873,146.076093,
591.000000,18836.565097,0.092746,0.862078,154.865941,
592.000000,28476.454294,0.140210,0.936314,190.413623,
593.000000,12853.185596,0.063286,0.878786,127.926480,
594.000000,17811.634349,0.087700,0.778166,150.593749,
595.000000,18060.941828,0.088927,0.911127,151.644009,
596.000000,15844.875346,0.078016,0.891672,142.036340,
597.000000,11662.049861,0.057421,0.963013,121.854762,
598.000000,17340.720222,0.085381,0.892775,148.589672,
599.000000,7506.925208,0.036962,0.956685,97.765608,
600.000000,63462.603878,0.312473,0.612319,284.258855,
601.000000,27174.515235,0.133800,0.843868,186.009858,
602.000000,1357.340720,0.006683,0.832591,41.571864,
603.000000,15346.260388,0.075561,0.910962,139.783638,
604.000000,21966.759003,0.108158,0.772944,167.239189,
605.000000,25927.977839,0.127662,0.837276,181.693497,
606.000000,29695.290859,0.146212,0.724546,194.445927,
607.000000,6177.285319,0.030415,0.964845,88.685760,
608.000000,19972.299169,0.098338,0.911468,159.466364,
609.000000,12714.681440,0.062604,0.920983,127.235354,
610.000000,16288.088643,0.080198,0.938500,144.009161,
611.000000,20609.418283,0.101475,0.681271,161.989896,
612.000000,24598.337950,0.121116,0.753196,176.973378,
613.000000,23019.390582,0.113341,0.817036,171.199294,
614.000000,20720.221607,0.102021,0.877447,162.424769,
615.000000,9279.778393,0.045691,0.780043,108.698578,
616.000000,22963.988920,0.113068,0.698238,170.993154,
617.000000,7673.130194,0.037780,0.910962,98.841959,
618.000000,10110.803324,0.049783,0.885267,113.461335,
619.000000,17340.720222,0.085381,0.922300,148.589672,
620.000000,4099.722992,0.020186,0.884255,72.249079,
621.000000,16703.601108,0.082244,0.709543,145.834445,
622.000000,25650.969529,0.126298,0.680639,180.720305,
623.000000,15152.354571,0.074606,0.933047,138.897721,
624.000000,17091.412742,0.084154,0.717733,147.517669,
625.000000,16509.695291,0.081289,0.915701,144.985506,
626.000000,14626.038781,0.072015,0.949935,136.464101,
627.000000,20498.614958,0.100930,0.874157,161.553852,
628.000000,19113.573407,0.094110,0.610520,156.000505,
629.000000,914.127424,0.004501,0.753522,34.116025,
630.000000,470.914127,0.002319,0.664632,24.486455,
631.000000,18808.864266,0.092610,0.907825,154.752027,
632.000000,19418.282548,0.095610,0.934978,157.239070,
633.000000,20415.512465,0.100520,0.823121,161.226046,
634.000000,14376.731302,0.070787,0.941804,135.296056,
635.000000,19390.581717,0.095474,0.879204,157.126877,
636.000000,11218.836565,0.055239,0.942906,119.516804,
637.000000,803.324100,0.003955,0.797885,31.981620,
638.000000,8725.761773,0.042963,0.927721,105.403913,
639.000000,14127.423823,0.069560,0.909505,134.117839,
640.000000,16260.387812,0.080062,0.877785,143.886653,
641.000000,12908.587258,0.063558,0.873289,128.201887,
642.000000,10720.221607,0.052783,0.887913,116.830690,
643.000000,23684.210526,0.116615,0.933218,173.653890,
644.000000,15789.473684,0.077743,0.924024,141.787807,
645.000000,10775.623269,0.053056,0.981631,117.132189,
646.000000,12548.476454,0.061785,0.891939,126.401014,
647.000000,14321.329640,0.070514,0.961524,135.035119,
648.000000,498.614958,0.002455,0.797885,25.196355,
649.000000,11745.152355,0.057830,0.951732,122.288153,
650.000000,4930.747922,0.024278,0.818854,79.233978,
651.000000,7783.933518,0.038326,0.917516,99.553061,
652.000000,1357.340720,0.006683,0.856729,41.571864,
